{"cameraMode":{"drawMode":0,"name":"Shaded","section":"Shading Mode"},"sceneLighting":false,"audioPlay":false,"sceneViewState":{"showFog":true,"showMaterialUpdate":false,"showSkybox":true,"showFlares":true,"showImageEffects":true,"showParticleSystems":true},"in2DMode":false,"pivot":{"x":-0.4032401442527771,"y":0.6178555488586426,"z":-0.2462596893310547},"rotation":{"x":-0.14879338443279267,"y":0.5934466123580933,"z":-0.11278418451547623,"w":-0.7829185724258423},"size":3.955854654312134,"orthographic":false}