{"cameraMode":{"drawMode":0,"name":"Shaded","section":"Shading Mode"},"sceneLighting":false,"audioPlay":false,"sceneViewState":{"showFog":true,"showMaterialUpdate":false,"showSkybox":true,"showFlares":true,"showImageEffects":true,"showParticleSystems":true},"in2DMode":false,"pivot":{"x":-0.000005245208740234375,"y":-0.025949440896511079,"z":5.521395206451416},"rotation":{"x":-0.08562134951353073,"y":0.043920934200286868,"z":-0.0037780620623379947,"w":-0.995352029800415},"size":1.1667261123657227,"orthographic":false}