{"cameraMode":{"drawMode":0,"name":"Shaded","section":"Shading Mode"},"sceneLighting":false,"audioPlay":false,"sceneViewState":{"showFog":true,"showMaterialUpdate":false,"showSkybox":true,"showFlares":true,"showImageEffects":true,"showParticleSystems":true},"in2DMode":false,"pivot":{"x":0.006178736686706543,"y":-0.36397677659988406,"z":6.002292156219482},"rotation":{"x":-0.08562134951353073,"y":0.043920934200286868,"z":-0.0037780620623379947,"w":-0.995352029800415},"size":0.9437865614891052,"orthographic":false}